AccountId,AccountName,CloseDate,District,IsWon,ItemCategory,OpportunityId,OpportunityName,OpportunityOwner,"Opportunity_IsClosed",OwnerId,ProductCode,ProductFamily,Quantity,ResellerId,SalesOrder,SizeGb,StageName,SubDistrict,SubTheater,Theater,TotalPrice,UnitPrice,"_time"
0014000001ZhCpSAAV,HBX,"2015-03-20",Northeast,True,Subscription,0064000000eDTKLAA4,"HBX - One month Cloud","John Dolino",True,00540000001ELznAAG,"SE-S-CLD",Subscription,"5.0",,44955,"5.0","Closed Won (100%)","New England",Enterprise,AMER,"665.75","133.15","2015-03-20T00:00:00.000-0700"
0014000001VveubAAB,EventMobi,"2015-04-01","Central 2",True,Subscription,0064000000aQ0pqAAC,"EventMobi- 20GB cloud","Johanna Zaragoza",True,0054000000222nVAAQ,"SE-S-CLD",Subscription,"20.0",0014000000b0U9AAAU,45568,"20.0","Closed Won (100%)","Central Canada 2",Enterprise,AMER,"21000.0","1050.0","2015-04-01T00:00:00.000-0700"
0014000000m8FJnAAM,"Onbeep, Inc.","2014-09-30","Central West",True,Subscription,0064000000YRR0eAAH,"OnBeep - Cloud","Amy Stephens",True,00540000001DmN8AAK,"SCLD-5GB",,"1.0",,,"5.0","Closed Won (100%)","Central West",Territory,AMER,"8000.0","8000.0","2014-09-30T00:00:00.000-0700"
0014000001YU6weAAD,"TransLink Division of Department of Transport and Main Roads","2015-03-23",Australia,True,Subscription,0064000000d9S9oAAE,"TransLink Division of Department of Transport and Main Roads-20GB Splunk Cloud-App mngt","Rajiv Parashar",True,00540000001CB79AAG,"SE-S-CLD",Subscription,"20.0",0014000000gfKDFAA2,45585,"20.0","Closed Won (100%)",Queensland,ANZ,APAC,"22500.0","1125.0","2015-03-23T00:00:00.000-0700"
0014000000suwrdAAA,"City of Los Angeles","2015-03-20","State & Local",True,Subscription,0064000000aQRT3AAO,"City of LA SIEM Expansion","Kelcy Taylor",True,0054000000220EdAAI,"SE-S-CLD",Subscription,"50.0",0014000000KBxWAAA1,,"50.0","Closed Won (100%)","Southwest 2",SLED,"Public Sector","33000.0","660.0","2015-03-20T00:00:00.000-0700"
00140000011OB1VAAW,"IDEXX Laboratories, Inc.","2015-03-20",Northeast,True,Subscription,0064000000eBYPAAA4,"IDEXX Lab - 25GB Cloud 3 Year","John Dolino",True,00540000001ELznAAG,"SE-S-CLD",Subscription,"25.0",,,"25.0","Closed Won (100%)","New England",Enterprise,AMER,"75000.0","3000.0","2015-03-20T00:00:00.000-0700"
0014000000KBwzyAAD,"Take-Two Interactive Software, Inc.","2015-04-03",East,True,Subscription,0064000000bxCCQAA2,"1TB Cloud Expansion","Scott Jamison",True,00540000001RaQSAA0,"SE-S-CLD",Subscription,"1400.0",,,"1400.0","Closed Won (100%)",East,Territory,AMER,"770000.0","550.0","2015-04-03T00:00:00.000-0700"
0014000001Z1NgNAAV,"Toutapp Inc","2015-04-24","Central West",True,Subscription,0064000000dcr4NAAQ,"ToutApp, Inc. - 50GB Splunk Cloud","Amy Stephens",True,00540000001DmN8AAK,"SE-S-CLD",Subscription,"50.0",,,"50.0","Closed Won (100%)","Central West",Territory,AMER,"50000.0","1000.0","2015-04-24T00:00:00.000-0700"
0014000000PF7d2AAD,OpenDNS,"2015-03-24","Central West",True,Subscription,0064000000bGeNVAA0,"OpenDNS - Cloud","Amy Stephens",True,00540000001DmN8AAK,"SE-S-CLD",Subscription,"10.0",,,"10.0","Closed Won (100%)","Central West",Territory,AMER,"13800.0","1380.0","2015-03-24T00:00:00.000-0700"
00140000015ndCeAAI,Flydubai,"2014-08-28","Middle East",True,Subscription,0064000000XhEGeAAN,"Flydubai- 5gb","Zack Najim",True,0054000000217jaAAA,SCLD,Subscription,"1.0",,,"5.0","Closed Won (100%)",Territory,UK,EMEA,"12000.0","12000.0","2014-08-28T00:00:00.000-0700"
0014000000YqlkQAAR,"MindTouch Inc","2014-04-30","Central West",True,Subscription,0064000000Vus7oAAB,"MindTouch, Inc - Splunk Cloud - 7 & 10 GB /30 Day Retention","Jerry Lott",True,00540000001Dl8MAAS,SCLD,Subscription,"1.0",,,"10.0","Closed Won (100%)","Central West",Territory,AMER,"7059.0","7059.0","2014-04-30T00:00:00.000-0700"
0014000000stvUMAAY,Lyft,"2014-06-16","Central West",True,Subscription,0064000000Vw8MjAAJ,"Lyft - 50GB Cloud","Amy Stephens",True,00540000001DmN8AAK,SCLD,Subscription,"1.0",,,"50.0","Closed Won (100%)",West,Territory,AMER,"48000.0","48000.0","2014-06-16T00:00:00.000-0700"
0014000001b46WdAAI,Cratejoy,"2015-04-27","Central West",True,Subscription,0064000000eytajAAA,"Cratejoy - Cloud App-Delivery","Renee Murdia",True,00540000001zaPhAAI,"SE-S-CLD",Subscription,"5.0",0014000000KBxYOAA1,46734,"5.0","Closed Won (100%)","Central West",Territory,AMER,"7128.0","1425.6","2015-04-27T00:00:00.000-0700"
0014000000XLobEAAT,"Optimizely Inc.","2014-10-15",West,True,Subscription,0064000000WT7Y6AAL,"Optimizely Ops","Troy Solomon",True,00540000000oHA1AAM,SCLD,Subscription,"1.0",,,"25.0","Closed Won (100%)",NoCal,"Major Accounts",AMER,"32400.0","32400.0","2014-10-15T00:00:00.000-0700"
0014000000KBy0fAAD,"NIKE, Inc.","2014-10-24",West,True,Subscription,0064000000UhM06AAF,"Nike EAA","Corey Kincaid",True,00540000001E61mAAC,SCLD,Subscription,"1.0",,,"12000.0","Closed Won (100%)",Northwest,"Major Accounts",AMER,"2166666.67","2166666.67","2014-10-24T00:00:00.000-0700"
0014000000fxGLUAA2,"Point72 Asset Management, L.P.","2014-11-14",East,True,Subscription,0064000000VvSxmAAF,"Point 72 Asset Management-Splunk Cloud","Gary Sherman",True,0054000000222nGAAQ,SCLD,Subscription,"1.0",,,"75.0","Closed Won (100%)","New England","Major Accounts",AMER,"65000.0","65000.0","2014-11-14T00:00:00.000-0800"
0014000000LXeywAAD,InterMedia,"2014-10-31",West,True,Subscription,0064000000TZX9bAAH,"Intermedia - Security 500Gb Cloud","Rob Kutner",True,00540000001zSciAAE,SCLD,Subscription,"1.0",,,"500.0","Closed Won (100%)","NorCal 2","Major Accounts",AMER,"166000.0","166000.0","2014-10-31T00:00:00.000-0700"
00140000011MqHmAAK,"Anaplan, Inc.","2015-04-29","Central West",True,Subscription,0064000000WT78XAAT,"Anaplan, Inc. - Renew Cloud","Amy Stephens",True,00540000001DmN8AAK,"SE-S-CLD",Subscription,"20.0",,,"20.0","Closed Won (100%)","Central West",Territory,AMER,"21600.0","1080.0","2015-04-29T00:00:00.000-0700"
00140000011MqHmAAK,"Anaplan, Inc.","2015-04-29","Central West",True,Subscription,0064000000WT78XAAT,"Anaplan, Inc. - Renew Cloud","Amy Stephens",True,00540000001DmN8AAK,"SE-S-CLD",Subscription,"10.0",,,"10.0","Closed Won (100%)","Central West",Territory,AMER,"14490.0","1449.0","2015-04-29T00:00:00.000-0700"
0014000000ei6zgAAA,"Cadreon LLC","2014-07-31","Central West",True,Subscription,0064000000X0Hs2AAF,"Cadreon (IPG Mediabrands) - Cloud - Centralized Logging","Amy Stephens",True,00540000001DmN8AAK,SCLD,Subscription,"1.0",,,"10.0","Closed Won (100%)",West,Territory,AMER,"25000.0","25000.0","2014-07-31T00:00:00.000-0700"
0014000000KBzQAAA1,"Recreational Equipment, Inc.","2015-04-30",West,True,Subscription,0064000000caNLfAAM,"REI - Splunk>Cloud for Security","Bryce Neal",True,005400000020DWOAA2,"SE-S-CLD",Subscription,"10.0",,47043,"10.0","Closed Won (100%)",Northwest,"Major Accounts",AMER,"33120.0","3312.0","2015-04-30T00:00:00.000-0700"
00140000011MqHmAAK,"Anaplan, Inc.","2014-04-29","Central West",True,Subscription,0064000000WSLdLAAX,"Anaplan - Cloud","Amy Stephens",True,00540000001DmN8AAK,SCLD,Subscription,"1.0",,,"20.0","Closed Won (100%)","Central West",Territory,AMER,"29000.0","29000.0","2014-04-29T00:00:00.000-0700"
0014000000LOqjHAAT,"Healthmarkets, Inc.","2014-10-31",Central,True,Subscription,0064000000aNfBxAAK,"Net New 20GB","Chris Woodcock",True,00540000002btWTAAY,SCLD,Subscription,"1.0",0014000000KC05MAAT,,"20.0","Closed Won (100%)","South Central",Enterprise,AMER,"20400.0","20400.0","2014-10-31T00:00:00.000-0700"
0014000001WgToSAAV,"Mygrocerydeals.com","2014-12-10",Central,True,Subscription,0064000000bIYD5AAO,"MyGroceryDeals- Cloud","Huguette Mpeye",True,00540000001zU8kAAE,SCLD,Subscription,"1.0",,,"5.0","Closed Won (100%)","E. Canada",Enterprise,AMER,"1500.0","1500.0","2014-12-10T00:00:00.000-0800"
0014000000KBxH6AAL,"Herbalife Ltd, Inc.","2015-04-29","West 1",True,Subscription,0064000000bxYIkAAM,"Herbalife Splunk Enterprise 10GB","Brian Gordon",True,00540000002btSCAAY,"SE-S-CLD",Subscription,"10.0",,46912,"10.0","Closed Won (100%)","SoCal 2",Enterprise,AMER,"12696.0","1269.6","2015-04-29T00:00:00.000-0700"
0014000000KBwTPAA1,"Target Corporation","2014-07-29",East,True,Subscription,0064000000X38LOAAZ,"Target ACDC Cloud TypeAhead","Russ Henriksen",True,00540000001RuVSAA0,SCLD,Subscription,"1.0",,,"50.0","Closed Won (100%)","North Central","Major Accounts",AMER,"57000.0","57000.0","2014-07-29T00:00:00.000-0700"
0014000000ii3bjAAA,"Radian Group Inc.","2014-12-29",East,True,Subscription,0064000000X30qOAAR,"ISR-Radian Group 100GB Splunk Cloud for Log Aggregation/Analysis/Single Pane of Glass monitoring","Mark Burton",True,005400000020xu9AAA,"SCLD-100GB",Subscription,"1.0",,,"100.0","Closed Won (100%)",Northeast,Enterprise,AMER,"80000.0","80000.0","2014-12-29T00:00:00.000-0800"
00140000012WRZ7AAO,"Shocase, Inc.","2014-06-25","Central West",True,Subscription,0064000000X1N8yAAF,"Social In Soma - 5GB Cloud","Amy Stephens",True,00540000001DmN8AAK,SCLD,Subscription,"1.0",,,"5.0","Closed Won (100%)",West,Territory,AMER,"10200.0","10200.0","2014-06-25T00:00:00.000-0700"
0014000000deBgwAAE,"Orbitz Worldwide","2014-10-31",East,True,Subscription,0064000000aO4NAAA0,"Orbitz Cloud 10GB","Graham Mabon",True,00540000001RrvSAAS,"SCLD-10GB",,"1.0",0014000000W2hV4AAJ,,"10.0","Closed Won (100%)","North Central","Major Accounts",AMER,"13593.0","13593.0","2014-10-31T00:00:00.000-0700"
0014000000SvaCdAAJ,"ServiceNow Inc","2014-04-29","West 1",True,Subscription,0064000000WRnV9AAL,"ServiceNow- K14 Splunk Cloud","Jason Stein",True,00540000001RBqNAAW,SCLD,Subscription,"1.0",,,"100.0","Closed Won (100%)","SoCal 1",Enterprise,AMER,"5000.0","5000.0","2014-04-29T00:00:00.000-0700"
0014000000KBy0fAAD,"NIKE, Inc.","2014-10-24",West,True,Subscription,0064000000UhM06AAF,"Nike EAA","Corey Kincaid",True,00540000001E61mAAC,SCLD,Subscription,"1.0",,,"6000.0","Closed Won (100%)",Northwest,"Major Accounts",AMER,"2166666.67","2166666.67","2014-10-24T00:00:00.000-0700"
0014000000MRlAbAAL,"The Climate Corporation","2014-06-11","Central West",True,Subscription,0064000000StLccAAF,"The Climate Corporation - Cloud","Amy Stephens",True,00540000001DmN8AAK,SCLD,Subscription,"1.0",,,"50.0","Closed Won (100%)",West,Territory,AMER,"68400.0","68400.0","2014-06-11T00:00:00.000-0700"
00140000012UceTAAS,"Bloomreach, Inc.","2014-10-28","Central West",True,Subscription,0064000000X0M98AAF,"Bloomreach-5GB Cloud","John Cress",True,00540000000oHPBAA2,"SCLD-5GB",,"1.0",,,"5.0","Closed Won (100%)","Central West",Territory,AMER,"8100.0","8100.0","2014-10-28T00:00:00.000-0700"
0014000000KcZabAAF,"Financial Industry Regulatory Authority","2015-01-30",East,True,Subscription,0064000000Uix2vAAB,"Cloud Growth","Danny Ansell",True,00540000001EHDpAAO,SCLD,Subscription,"1.0",,,"200.0","Closed Won (100%)",MidAtlantic,Enterprise,AMER,"97300.0","97300.0","2015-01-30T00:00:00.000-0800"
0014000000OYnLuAAL,"YottaMark, Inc.","2014-06-12",West,True,Subscription,0064000000X1mIbAAJ,"YottaMark 5GB Cloud","Mary Polyakova",True,0054000000220EYAAY,SCLD,Subscription,"1.0",,,"5.0","Closed Won (100%)","NorCal 2",Enterprise,AMER,"9999.0","9999.0","2014-06-12T00:00:00.000-0700"
0014000000suS3MAAU,"Brivo Systems","2014-10-23",East,True,Subscription,0064000000YSMv0AAH,"Brivo Systems-10GB Cloud and PS","Denise Koper",True,0054000000222nLAAQ,"SCLD-10GB",,"1.0",,,"10.0","Closed Won (100%)",East,Territory,AMER,"13800.0","13800.0","2014-10-23T00:00:00.000-0700"
0014000000fI047AAC,PrecisionLender,"2015-04-21",East,True,Subscription,0064000000ezMeIAAU,"Lender Performance Group-Storm Customer to Splunk Cloud 5GB","Alonso Robles",True,005400000022CuWAAU,"SE-S-CLD",Subscription,"5.0",,46354,"5.0","Closed Won (100%)",East,Territory,AMER,"6480.0","1296.0","2015-04-21T00:00:00.000-0700"
0014000001VwlgTAAR,"Essex Property Trust, Inc.","2015-01-08","Central West",True,Subscription,0064000000bGQvaAAG,"Essex Property Trust -25GB Cloud","John Cress",True,00540000000oHPBAA2,SCLD,Subscription,"1.0",0014000000KC0TnAAL,,"25.0","Closed Won (100%)",West,Territory,AMER,"26250.0","26250.0","2015-01-08T00:00:00.000-0800"
0014000000OpveIAAR,"WP, LLC","2015-01-23",East,True,Subscription,0064000000bIuCcAAK,"Washington Post , Splunk Cloud","Andrew Hershey",True,00540000001S7k6AAC,SCLD,Subscription,"1.0",,,"500.0","Closed Won (100%)",MidAtlantic,"Major Accounts",AMER,"200000.0","200000.0","2015-01-23T00:00:00.000-0800"
0014000000ii3WjAAI,"Republic Services, Inc.","2015-01-29",West,True,Subscription,0064000000aOwo7AAC,"RSI-200 GB-Cloud","Donovan Sipe",True,00540000002btQuAAI,SCLD,Subscription,"1.0",0014000000KBzbfAAD,,"200.0","Closed Won (100%)",Southwest,"Major Accounts",AMER,"354375.0","354375.0","2015-01-29T00:00:00.000-0800"
0014000000KBy76AAD,"Costco Wholesale Corporation","2014-10-02",West,True,Subscription,0064000000QlkGbAAJ,"Costco - Business Systems - SAP Integration Project","Phil McNamee",True,00540000001D01ZAAS,"SCLD-50GB",,"1.0",,,"50.0","Closed Won (100%)",Northwest,"Major Accounts",AMER,"50000.0","50000.0","2014-10-02T00:00:00.000-0700"
0014000001SD5iEAAT,Captricity,"2014-10-17","Central West",True,Subscription,0064000000aN7WLAA0,"Captricity - Cloud","Amy Stephens",True,00540000001DmN8AAK,"SCLD-5GB",,"1.0",,,"5.0","Closed Won (100%)","Central West",Territory,AMER,"7695.0","7695.0","2014-10-17T00:00:00.000-0700"
0014000000mWWpsAAG,"Citrix Systems, Inc","2015-04-01",West,True,Subscription,0064000000eRk9HAAS,"Citrix Cloud.com - Splunk Cloud 10GB","Jay Meindertsma",True,005400000020qNNAAY,"SE-S-CLD",Subscription,"10.0",,45582,"10.0","Closed Won (100%)","NorCal 2","Major Accounts",AMER,"11040.0","1104.0","2015-04-01T00:00:00.000-0700"
0014000001ZhCpSAAV,HBX,"2015-05-01",East,True,Subscription,0064000000eE9UnAAK,"HBX - 5GB Cloud 1 year","Bob Evans",True,00540000003L7kDAAS,"SE-S-CLD",Subscription,"5.0",,45033,"5.0","Closed Won (100%)","New England",Enterprise,AMER,"8100.0","1620.0","2015-05-01T00:00:00.000-0700"
0014000000vP8cbAAC,Backupify,"2015-04-28",East,True,Subscription,0064000000d9KdKAAU,"Backupify Support Renewal 28 Jan 2016 to 27 Jan 2017 - A1","Tim Cashin",True,00540000000oHrjAAE,"SE-S-CLD",Subscription,"100.0",,,"100.0","Closed Won (100%)",East,Territory,AMER,"19945.21","199.4521","2015-04-28T00:00:00.000-0700"
0014000001Vvk8YAAR,Apploi,"2015-03-31",East,True,Subscription,0064000000eRb35AAC,"5GB Cloud from Storm","Scott Jamison",True,00540000001RaQSAA0,"SE-S-CLD",Subscription,"5.0",,45444,"5.0","Closed Won (100%)",East,Territory,AMER,"6480.0","1296.0","2015-03-31T00:00:00.000-0700"
0014000000gdw92AAA,"Brown Forman","2015-04-30",Southeast,True,Subscription,0064000000XhX9XAAV,"Brown Forman : Core 300GB or 400GB","Scottie Oliver",True,005400000021YiBAAU,"SE-S-CLD",Subscription,"150.0",,,"150.0","Closed Won (100%)","Southeast 2",Enterprise,AMER,"99600.0","664.0","2015-04-30T00:00:00.000-0700"
0014000000KBxuWAAT,"Alticor Inc.","2015-03-31","Central 1",True,Subscription,0064000000dBXZOAA4,"Amway 200GB cloud, ES, & VMware","Rhonda Ball",True,00540000001DneeAAC,"SE-S-CLD",Subscription,"200.0",0014000000KBxYOAA1,,"200.0","Closed Won (100%)","North Central 1",Enterprise,AMER,"360000.0","1800.0","2015-03-31T00:00:00.000-0700"
0014000001YzgGIAAZ,"EDENTITI PTY. LTD.","2015-03-16",Australia,True,Subscription,0064000000dBsKyAAK,"Edentiti-Splunk Cloud 5GB + 15 Months Retention","Ross Ford",True,00540000002cEIpAAM,"SE-S-CLD",Subscription,"5.0",,45329,"5.0","Closed Won (100%)","Australian Capital Territory",ANZ,APAC,"10141.65","2028.33","2015-03-16T00:00:00.000-0700"
0014000001YyeMFAAZ,"The Marketing Store","2015-03-27","Central West",True,Subscription,0064000000dApGmAAK,"The Marketing Store- 5GB - New - AWS and App aggregation","Cheryl Rogers",True,005400000021MMNAA2,"SE-S-CLD",Subscription,"5.0",,45307,"5.0","Closed Won (100%)","Central West",Territory,AMER,"8100.0","1620.0","2015-03-27T00:00:00.000-0700"
0014000000ii3bRAAQ,"Equity Residential","2015-05-20",Central,True,Subscription,0064000000eSIczAAG,"Equity Residential - 100GB ES Cloud","Chris Hipskind",True,005400000021CfPAAU,"SE-S-CLD",Subscription,"100.0",0014000000KBxYOAA1,,"100.0","Closed Won (100%)","North Central 2",Enterprise,AMER,"56000.0","560.0","2015-05-20T00:00:00.000-0700"
0014000001PNKOvAAP,"CFF Bank","2014-09-24",Central,True,Subscription,0064000000ZrnEXAAZ,"CFF Bank-CLOUD","Jim Holleyhead",True,00540000001RtFEAA0,"SCLD-5GB",,"1.0",,,"5.0","Closed Won (100%)","Central Canada",Enterprise,AMER,"8100.0","8100.0","2014-09-24T00:00:00.000-0700"
0014000000KBwzyAAD,"Take-Two Interactive Software, Inc.","2014-10-31",East,True,Subscription,0064000000JrsECAAZ,"Take-Two Interactive-Gaming Weblogs","Scott Jamison",True,00540000001RaQSAA0,SCLD,Subscription,"1.0",,,"100.0","Closed Won (100%)",East,Territory,AMER,"13369.86","13369.86","2014-10-31T00:00:00.000-0700"
0014000000eiOfQAAU,"Comcast Corporation","2015-01-14",East,True,Subscription,0064000000aPpCNAA0,"Comcast Labs- 10 GB beach head- Cloud","Andrew Hershey",True,00540000001S7k6AAC,"SCLD-10GB",,"1.0",,,"10.0","Closed Won (100%)",MidAtlantic,"Major Accounts",AMER,"13800.0","13800.0","2015-01-14T00:00:00.000-0800"
0014000000deVXTAA2,"1-800-FLOWERS.COM, Inc.","2015-01-06",East,True,Subscription,0064000000aQoVNAA0,"Flowers- Security Cloud","Lisa Chu-de Seve",True,00540000001yyGIAAY,SCLD,Subscription,"1.0",,,"50.0","Closed Won (100%)",Northeast,"Major Accounts",AMER,"210000.0","210000.0","2015-01-06T00:00:00.000-0800"
0014000000fJWSYAA4,"Cirrus Logic, Inc.","2014-09-25","Central West",True,Subscription,0064000000WzJ0YAAV,"Cirrus Logic - 20GB Cloud - Security","Renee Murdia",True,00540000001zaPhAAI,"SCLD-20GB",,"1.0",,,"20.0","Closed Won (100%)","Central West",Territory,AMER,"24000.0","24000.0","2014-09-25T00:00:00.000-0700"
0014000000yKuKyAAK,"Catholic Health Initiatives","2014-12-29",West,True,Subscription,0064000000Vwx0gAAB,"CHI - Security Phase II Cloud","Andrew Balistrieri",True,00540000001zHJuAAM,SCLD,Subscription,"1.0",0014000000KBzYkAAL,,"500.0","Closed Won (100%)",Southwest,"Major Accounts",AMER,"460275.0","460275.0","2014-12-29T00:00:00.000-0800"
0014000001VwVm5AAF,"Groupe Canam Inc","2015-01-09",Central,True,Subscription,0064000000aQlZ2AAK,"Groupe Canam-5gb Cloud","Huguette Mpeye",True,00540000001zU8kAAE,"SCLD-5GB",,"1.0",,,"5.0","Closed Won (100%)","E. Canada",Enterprise,AMER,"8100.0","8100.0","2015-01-09T00:00:00.000-0800"
0014000001aPdhKAAS,Nubank,"2015-04-27",Brazil,True,Subscription,0064000000eT800AAC,"Cloud 5GB","Marcelo Souza",True,00540000001Cs1bAAC,"SE-S-CLD",Subscription,"5.0",0014000000cXc0IAAS,46726,"5.0","Closed Won (100%)","Not in SFDC",LATAM,AMER,"5670.0","1134.0","2015-04-27T00:00:00.000-0700"
0014000000KBy0fAAD,"NIKE, Inc.","2014-10-24",West,True,Subscription,0064000000UhM06AAF,"Nike EAA","Corey Kincaid",True,00540000001E61mAAC,SCLD,Subscription,"1.0",,,"3000.0","Closed Won (100%)",Northwest,"Major Accounts",AMER,"2166666.66","2166666.66","2014-10-24T00:00:00.000-0700"
0014000000KBwJqAAL,"AOL, Inc.","2015-03-01",East,True,Subscription,0064000000aOKNZAA4,"AOL- Cloud for Mail","James Hill",True,00540000001DY1LAAW,SCLD,Subscription,"1.0",,,"1000.0","Closed Won (100%)",MidAtlantic,"Major Accounts",AMER,"250000.0","250000.0","2015-03-01T00:00:00.000-0800"
0014000001I4GmUAAV,"CraftWorks Restaurants & Breweries, Inc.","2014-10-31",East,True,Subscription,0064000000ZJKqmAAH,"CraftWorks Restaurants & Breweries, Inc.- Splunk Cloud & ESS/PCI","Mike Refakis",True,00540000001Dl8gAAC,SCLD,Subscription,"1.0",,,"10.0","Closed Won (100%)",East,Territory,AMER,"19887.78","19887.78","2014-10-31T00:00:00.000-0700"
0014000001XVVYSAA5,"Maxim's Caterers Ltd","2015-06-16","Greater China",True,Subscription,0064000000byqmWAAQ,"Maxim-5GB-PCI with 5GB Cloud + 5GB PCI Splunk App","Gareth Chan",True,005400000021fLdAAI,"SE-S-CLD",Subscription,"5.0",0014000000SwSwDAAV,,"5.0","Closed Won (100%)","Hong Kong","North Asia",APAC,"17982.0","3596.4","2015-06-16T00:00:00.000-0700"
0014000000KBx2dAAD,"Resmed Inc.","2014-10-02",West,True,Subscription,0064000000Zq3gwAAB,"ResMed Cloud Test Environ 5GB","Brian Gordon",True,00540000002btSCAAY,"SCLD-5GB",Subscription,"1.0",,,"5.0","Closed Won (100%)","SoCal 2",Enterprise,AMER,"7290.0","7290.0","2014-10-02T00:00:00.000-0700"
0014000000KBy0MAAT,"Tribune Company","2014-10-27",Central,True,Subscription,0064000000Zq9qkAAB,"Tribune - Cloud - 5 GB","Chris Hipskind",True,005400000021CfPAAU,"SCLD-5GB",Subscription,"1.0",0014000000KC05MAAT,,"5.0","Closed Won (100%)","North Central 2",Enterprise,AMER,"6885.0","6885.0","2014-10-27T00:00:00.000-0700"
0014000001Z0GNZAA3,CurMusic,"2015-03-04",East,True,Subscription,0064000000ddv8bAAA,"5GB Cloud","Tim Cashin",True,00540000000oHrjAAE,"SE-S-CLD",Subscription,"5.0",,44354,"5.0","Closed Won (100%)",East,Territory,AMER,"8100.0","1620.0","2015-03-04T00:00:00.000-0800"
0014000000vQIpfAAG,"FiftyThree, Inc.","2014-09-17",East,True,Subscription,0064000000YQ3ApAAL,"Cloud, 5GB, 90day Retention","Scott Jamison",True,00540000001RaQSAA0,SCLD,Subscription,"1.0",,,"5.0","Closed Won (100%)",East,Territory,AMER,"8100.0","8100.0","2014-09-17T00:00:00.000-0700"
0013300001bfnQEAAY,"Louisiana Secretary of State","2015-06-02","State & Local",True,Subscription,0063300000fNx5nAAC,"Louisiana Secretary of State-LA- Core/Security/Mike Kaiser/SecureNation","John Spencer",True,00540000002bANyAAM,"SE-S-CLD",Subscription,"10.0",0014000000nPjTqAAK,48264,"10.0","Closed Won (100%)","South Central 1",SLED,"Public Sector","12006.0","1200.6","2015-06-02T00:00:00.000-0700"
0014000000KBxtiAAD,"Brown Shoe Company, Inc.","2014-10-02",Central,True,Subscription,0064000000VuUeZAAV,"Brown Shoe Company, Inc.- potential cloud opportunity","Collin Morphew",True,00540000002bS0KAAU,"SCLD-100GB",Subscription,"1.0",,,"100.0","Closed Won (100%)","South Central",Enterprise,AMER,"54320.0","54320.0","2014-10-02T00:00:00.000-0700"
0014000000stvUMAAY,Lyft,"2014-09-26","Central West",True,Subscription,0064000000X2enGAAR,"Lyft  - 50GB to 100GB Cloud Upgrade","Amy Stephens",True,00540000001DmN8AAK,SCLD,Subscription,"1.0",,,"50.0","Closed Won (100%)","Central West",Territory,AMER,"21616.44","21616.44","2014-09-26T00:00:00.000-0700"
00140000011NG1WAAW,"Leonardo Worldwide","2014-10-17",Central,True,Subscription,0064000000WSdDNAA1,"Leonardo WW cloud 20GB","Johanna Zaragoza",True,0054000000222nVAAQ,SCLD,Subscription,"1.0",,,"20.0","Closed Won (100%)","Central Canada 2",Enterprise,AMER,"6049.0","6049.0","2014-10-17T00:00:00.000-0700"
0014000001CnK2cAAF,"Livingston International","2014-10-31",East,True,Subscription,0064000000YS4TcAAL,"Livingston-50GB Perpetual +50GB ES","James Pazora",True,00540000002apuuAAA,"SCLD-50GB",,"1.0",,,"50.0","Closed Won (100%)",East,Territory,AMER,"50000.0","50000.0","2014-10-31T00:00:00.000-0700"
0014000000W01bAAAR,"Electric Cloud","2015-02-13","Central West",True,Subscription,0064000000dBBu7AAG,"Electric Cloud - 10GB Cloud","John Cress",True,00540000000oHPBAA2,"SCLD-5GB",Subscription,"1.0",0014000000fzLKEAA2,43807,"5.0","Closed Won (100%)","Central West",Territory,AMER,"7087.5","7087.5","2015-02-13T00:00:00.000-0800"
0014000000KBzcPAAT,"Equinix, Inc.","2014-07-31",West,True,Subscription,0064000000VIDhCAAX,"Equinix Opp- Log Monitoring Opp","Kira Shymanski",True,00540000000oHA2AAM,SCLD,Subscription,"1.0",,,"200.0","Closed Won (100%)",NoCal,Enterprise,AMER,"375000.0","375000.0","2014-07-31T00:00:00.000-0700"
0014000000dIvSGAA0,"Mashape Inc.","2014-11-10","Central West",True,Subscription,0064000000U6YYCAA3,"Mashape Inc. - 10GB Splunk Cloud","Amy Stephens",True,00540000001DmN8AAK,"SCLD-10GB",Subscription,"1.0",,,"10.0","Closed Won (100%)",West,Territory,AMER,"13800.0","13800.0","2014-11-10T00:00:00.000-0800"
0014000000KBxzQAAT,"HGST, a Western Digital Company","2014-12-03",West,True,Subscription,0064000000ZqNjmAAF,"HGST Paid Pilot","Gary Harris",True,00540000001ESPcAAO,SCLD,Subscription,"1.0",0014000000KC0WFAA1,,"100.0","Closed Won (100%)",Southwest,"Major Accounts",AMER,"66000.0","66000.0","2014-12-03T00:00:00.000-0800"
0014000000dhh1aAAA,"New York Public Radio","2014-12-08",East,True,Subscription,0064000000RP1ZvAAL,"Cloud 5GB, 90 day Retention","Scott Jamison",True,00540000001RaQSAA0,"SCLD-5GB",,"1.0",,,"5.0","Closed Won (100%)",East,Territory,AMER,"8100.0","8100.0","2014-12-08T00:00:00.000-0800"
0014000000KByfJAAT,"Chicago Public Schools","2014-09-15","State & Local",True,Subscription,0064000000MUV6SAAX,"Chicago Public Schools - 20GB (Cloud)","John Zarour",True,00540000000oHPUAA2,"SCLD-20GB",,"1.0",0014000000KByxrAAD,,"20.0","Closed Won (100%)",Central,"State & Local","Public Sector","21600.0","21600.0","2014-09-15T00:00:00.000-0700"
0014000000z2W7kAAE,"Orrstown Bank","2014-08-29",East,True,Subscription,0064000000VHjVhAAL,"Orrstown Bank-CLOUD-Compliance","Michael Monk",True,00540000002anZBAAY,"SCLD-10GB",,"1.0",,,"10.0","Closed Won (100%)",East,Territory,AMER,"13800.0","13800.0","2014-08-29T00:00:00.000-0700"
0014000000KBzwyAAD,"Blizzard Entertainment, Inc.","2015-01-20",West,True,Subscription,0064000000YQqOWAA1,"Blizzard 1TB Cloud","Doug App",True,00540000001ywTeAAI,"SCLD-1TB",Subscription,"1.0",,,"1000.0","Closed Won (100%)",Southwest,"Major Accounts",AMER,"512000.0","512000.0","2015-01-20T00:00:00.000-0800"
00140000018Tfg3AAC,"Zimperium - US","2014-08-08","Central West",True,Subscription,0064000000YPZEpAAP,"Zimperium - 5GB Cloud","Amy Stephens",True,00540000001DmN8AAK,SCLD,Subscription,"1.0",,,"5.0","Closed Won (100%)","Central West",Territory,AMER,"8100.0","8100.0","2014-08-08T00:00:00.000-0700"
0014000001AHUW4AAP,"Oakland University","2015-01-30","Higher Ed",True,Subscription,0064000000YQLOxAAP,"Oakland University 10Gb License Cloud Security","Tim Abbey",True,00540000001DHZLAA4,"SCLD-10GB",,"1.0",,,"10.0","Closed Won (100%)","Higher Ed",SLED,"Public Sector","13800.0","13800.0","2015-01-30T00:00:00.000-0800"
0014000000ZFwnJAAT,"Royal Caribbean Cruises Ltd.","2014-10-31",East,True,Subscription,0064000000aOm5fAAC,"Royal Caribbean Cruises Splunk Cloud 170GB w ES","Bill Grande",True,00540000002bwxcAAA,SCLD,Subscription,"1.0",,,"170.0","Closed Won (100%)",Southeast,"Major Accounts",AMER,"108000.0","108000.0","2014-10-31T00:00:00.000-0700"
0014000000fJDIPAA4,"MemberSuite, Inc.","2015-01-26",East,True,Subscription,0064000000aQZ53AAG,"MemberSuite, Inc.- 10G Cloud","Sandhya Pallana",True,00540000001EOc8AAG,SCLD,Subscription,"1.0",,,"10.0","Closed Won (100%)",East,Territory,AMER,"13800.0","13800.0","2015-01-26T00:00:00.000-0800"
0014000000vQkPwAAK,"LNR Property LLC","2015-06-05",East,True,Subscription,0063300000fOzLcAAK,"LNR Property LLC-10GB Cloud","Leslie Brown",True,00540000002anZ6AAI,"SE-S-CLD",Subscription,"10.0",0014000000WTvPrAAL,48408,"10.0","Closed Won (100%)",East,Territory,AMER,"9660.0","966.0","2015-06-05T00:00:00.000-0700"
0014000000lQ77uAAC,Motionsoft,"2015-01-23",East,True,Subscription,0064000000VHU4EAAX,"Motionsoft - Cloud Renewal -15GB - one of first Cloud customers","Denise Koper",True,0054000000222nLAAQ,SCLD,Subscription,"1.0",,,"15.0","Closed Won (100%)",East,Territory,AMER,"7200.0","7200.0","2015-01-23T00:00:00.000-0800"
00140000011kNzsAAE,"Aviat US Inc.","2014-09-11","Central West",True,Subscription,0064000000Xi0wZAAR,"Aviat US Inc. - 5GB Cloud - IT Ops / Security","Renee Murdia",True,00540000001zaPhAAI,SCLD,Subscription,"1.0",,,"5.0","Closed Won (100%)","Central West",Territory,AMER,"17000.0","17000.0","2014-09-11T00:00:00.000-0700"
0014000000vP8cbAAC,Backupify,"2015-01-26",East,True,Subscription,0064000000VHUp3AAH,"Backupify Support Renewal 31 Jan 2015 to 30 Jan 2016 - R1","Tim Cashin",True,00540000000oHrjAAE,SCLD,Subscription,"1.0",,,"100.0","Closed Won (100%)",East,Territory,AMER,"20000.0","20000.0","2015-01-26T00:00:00.000-0800"
0014000000ZGnyjAAD,Celigo,"2015-06-09",West,True,Subscription,0064000000dcpEfAAI,"Celigo-5GB Cloud","John Cress",True,00540000000oHPBAA2,"SE-S-CLD",Subscription,"5.0",0014000000fzLKEAA2,48546,"5.0","Closed Won (100%)",West,Territory,AMER,"5467.5","1093.5","2015-06-09T00:00:00.000-0700"
0014000000MRlAbAAL,"The Climate Corporation","2015-06-18",West,True,Subscription,0064000000X2JYTAA3,"The Climate Corporation Support Renewal 12 Jun 2015 to 11 Jun 2016 - A1","Amy Stephens",True,00540000001DmN8AAK,"SE-S-CLD",Subscription,"50.0",,,"50.0","Closed Won (100%)",West,Territory,AMER,"50000.0","1000.0","2015-06-18T00:00:00.000-0700"
0013300001bB7xTAAS,Earthjustice,"2015-06-04",West,True,Subscription,0063300000epLk0AAE,"Earthjustice - Security Use Case","Amy Stephens",True,00540000001DmN8AAK,"SE-S-CLD",Subscription,"10.0",,48358,"10.0","Closed Won (100%)",West,Territory,AMER,"13800.0","1380.0","2015-06-04T00:00:00.000-0700"
0014000000xNZFdAAO,"Bench Accounting, Inc.","2015-04-15",East,True,Subscription,0064000000UkSLBAA3,"5GB Cloud","Scott Jamison",True,00540000001RaQSAA0,"SE-S-CLD",Subscription,"5.0",0014000000KBxYOAA1,46066,"5.0","Closed Won (100%)",East,Territory,AMER,"5670.0","1134.0","2015-04-15T00:00:00.000-0700"
0014000000hwHs2AAE,Okta,"2015-04-17","Central West",True,Subscription,0064000000ZqzhdAAB,"Okta - 150GB Cloud","Amy Stephens",True,00540000001DmN8AAK,"SE-S-CLD",Subscription,"150.0",,,"150.0","Closed Won (100%)","Central West",Territory,AMER,"96000.0","640.0","2015-04-17T00:00:00.000-0700"
0014000000hwHs2AAE,Okta,"2015-04-17","Central West",True,Subscription,0064000000ZqzhdAAB,"Okta - 150GB Cloud","Amy Stephens",True,00540000001DmN8AAK,"SE-S-CLD",Subscription,"25.0",,,"25.0","Closed Won (100%)","Central West",Territory,AMER,"24000.0","960.0","2015-04-17T00:00:00.000-0700"
00140000011l1xkAAA,Nomi,"2015-05-29",East,True,Subscription,0064000000eymUHAAY,"10GB Cloud","Scott Jamison",True,00540000001RaQSAA0,"SE-S-CLD",Subscription,"10.0",0014000000efzvzAAA,48180,"10.0","Closed Won (100%)",East,Territory,AMER,"9660.0","966.0","2015-05-29T00:00:00.000-0700"
0014000000ii3UpAAI,"Liberty Mutual Insurance Group","2015-04-08",East,True,Subscription,0064000000eSYGCAA4,"Liberty Mutual - Logger Replacement - 30 Day POC Zero Dollar","Jim Mellett",True,00540000001S8ugAAC,"SE-S-CLD",Subscription,"600.0",0014000000Xhnk0AAB,,"600.0","Closed Won (100%)","New England","Major Accounts",AMER,"0.0","0.0","2015-04-08T00:00:00.000-0700"
0014000001aO98eAAC,"The Program","2015-04-02","Central West",True,Subscription,0064000000eRZ8fAAG,"The Program-5GB Cloud-Security","Mickie George",True,00540000001DQAoAAO,"SE-S-CLD",Subscription,"5.0",,45625,"5.0","Closed Won (100%)","Central West",Territory,AMER,"8100.0","1620.0","2015-04-02T00:00:00.000-0700"
0014000000sJiYIAA0,Eventbrite,"2015-04-17","Central West",True,Subscription,0064000000VxFNXAA3,"Eventbrite - 100GB Cloud","Amy Stephens",True,00540000001DmN8AAK,"SE-S-CLD",Subscription,"100.0",,,"100.0","Closed Won (100%)","Central West",Territory,AMER,"72000.0","720.0","2015-04-17T00:00:00.000-0700"
0014000000VSoohAAD,"Red Hat, Inc.","2015-01-16",East,True,Subscription,0064000000TaW6PAAV,"Red Hat, Inc. Support Renewal 23 Dec 2014 to 22 Dec 2015 Invoice 40238 500GB","Krista Jones",True,005400000021CM8AAM,"SCLD-100GB",Subscription,"1.0",,,"100.0","Closed Won (100%)",MidAtlantic,"Major Accounts",AMER,"40000.0","40000.0","2015-01-16T00:00:00.000-0800"
0014000000N6VrrAAF,"Sophos Plc","2015-01-20","UK - Non London",True,Subscription,0064000000XiHK0AAN,"Sophos Plc Cloud Transition - 11 Jan","Bogdan Petre",True,00540000001Dm9uAAC,SCLD,Subscription,"1.0",,,"100.0","Closed Won (100%)",Enterprise,UK,EMEA,"183540.0","183540.0","2015-01-20T00:00:00.000-0800"
0013300001b8VllAAE,"Direct Vet Marketing.com  DBA  Vets First Choice","2015-04-27",East,True,Subscription,0063300000ems0iAAA,"Direct Vet Marketing DBA Vets First Choice: New_5GB Cloud","Denise Koper",True,0054000000222nLAAQ,"SE-S-CLD",Subscription,"5.0",,46711,"5.0","Closed Won (100%)",East,Territory,AMER,"8100.0","1620.0","2015-04-27T00:00:00.000-0700"
0014000001XUN4rAAH,"True World Foods","2015-01-09",East,True,Subscription,0064000000byVyKAAU,"True World Foods - New 20GB Cloud","Denise Koper",True,0054000000222nLAAQ,"SCLD-20GB",Subscription,"1.0",,42032,"20.0","Closed Won (100%)",East,Territory,AMER,"24000.0","24000.0","2015-01-09T00:00:00.000-0800"
0014000000LPJwrAAH,"University of Miami","2015-04-30","Higher Ed",True,Subscription,0064000000ZJB8aAAH,"University of Miami - Cloud + ES - 200GB","Phil Downing",True,00540000002eLN0AAM,"SE-S-CLD",Subscription,"200.0",,,"200.0","Closed Won (100%)","Higher Ed",SLED,"Public Sector","369000.0","1845.0","2015-04-30T00:00:00.000-0700"
0014000000ZwVbPAAV,"State of Vermont Department of Innovation and Information","2014-12-31","State & Local",True,Subscription,0064000000U7XjwAAF,"State of Vermont - Chris Tanguay/Claus Lund - Splunk Cloud/Sub-Agency MSP [SCL]","Matt Cillis",True,005400000020sqlAAA,SCLD,Subscription,"1.0",0014000000fHllNAAS,,"50.0","Closed Won (100%)",NE,"State & Local","Public Sector","40500.0","40500.0","2014-12-31T00:00:00.000-0800"
0014000000OpveIAAR,"WP, LLC","2015-01-23",East,True,Subscription,0064000000bIuCcAAK,"Washington Post , Splunk Cloud","Andrew Hershey",True,00540000001S7k6AAC,SCLD,Subscription,"1.0",,,"50.0","Closed Won (100%)",MidAtlantic,"Major Accounts",AMER,"50000.0","50000.0","2015-01-23T00:00:00.000-0800"
0014000000q34RsAAI,"Property Exchange Australia Limited","2015-06-29",Australia,True,Subscription,0064000000eTukRAAS,"Property Exchange Australia Limited- Log Management Corporate Sys 5Gb + ES","Nesho Kaurin",True,00540000001znmQAAQ,"SE-S-CLD",Subscription,"5.0",0014000001Lv4OyAAJ,49436,"5.0","Closed Won (100%)",Victoria,ANZ,APAC,"6075.0","1215.0","2015-06-29T00:00:00.000-0700"
0014000000q4hUWAAY,"Appneta Inc.","2015-06-18",West,True,Subscription,0064000000eSJ4UAAW,"Appneta Inc.-20GBCloud","Mike Miller",True,00540000001E4IMAA0,"SE-S-CLD",Subscription,"10.0",,49003,"10.0","Closed Won (100%)","Western Canada",Enterprise,AMER,"12420.0","1242.0","2015-06-18T00:00:00.000-0700"
0014000000KBwQHAA1,"Monsanto Company","2014-12-30",East,True,Subscription,0064000000aOgT0AAK,"Monsanto - 10G Zones Quote","Geno Valente",True,005400000021wa1AAA,"SCLD-10GB",Subscription,"1.0",0014000000KBwZvAAL,,"10.0","Closed Won (100%)","North Central","Major Accounts",AMER,"12075.0","12075.0","2014-12-30T00:00:00.000-0800"
0014000000KC0LTAA1,"Avanquest North America","2015-04-28","Central West",True,Subscription,0064000000eUN3aAAG,"Avanquest - 5GB Cloud","Jerry Lott",True,00540000001Dl8MAAS,"SE-S-CLD",Subscription,"5.0",00140000012WKamAAG,46827,"5.0","Closed Won (100%)","Central West",Territory,AMER,"6480.0","1296.0","2015-04-28T00:00:00.000-0700"
0014000000KBzLJAA1,"Hughes Network Systems, LLC","2014-12-22",East,True,Subscription,0064000000bIMPdAAO,"5GB Splunk Cloud","James Hill",True,00540000001DY1LAAW,SCLD,Subscription,"1.0",,,"5.0","Closed Won (100%)",MidAtlantic,"Major Accounts",AMER,"8100.0","8100.0","2014-12-22T00:00:00.000-0800"
0014000000KBwzyAAD,"Take-Two Interactive Software, Inc.","2014-12-04",East,True,Subscription,0064000000aRG1oAAG,"400GB Cloud Expansion - expires Feb 28 2015","Scott Jamison",True,00540000001RaQSAA0,SCLD,Subscription,"1.0",,,"400.0","Closed Won (100%)",East,Territory,AMER,"75616.44","75616.44","2014-12-04T00:00:00.000-0800"
0014000000dFlieAAC,"Jones Lang Lasalle","2015-06-09",Central,True,Subscription,0064000000X1OS4AAN,"JLL - 50GB Cloud","Mark Majeski",True,005400000020xuYAAQ,"SE-S-CLD",Subscription,"50.0",,,"50.0","Closed Won (100%)","North Central 2",Enterprise,AMER,"50000.0","1000.0","2015-06-09T00:00:00.000-0700"
0014000000fwuTtAAI,"Keurig Green Mountain, Inc.","2014-11-26",East,True,Subscription,0064000000bGqmRAAS,"Keurig - 5GB Cloud 180days","Neal Poretsky",True,00540000001EETQAA4,"SCLD-5GB",,"1.0",0014000000Xhnk0AAB,,"5.0","Closed Won (100%)","New England",Enterprise,AMER,"7087.5","7087.5","2014-11-26T00:00:00.000-0800"
0014000001WhHpZAAV,"Stansberry Research","2014-12-15",East,True,Subscription,0064000000bJKxPAAW,"Stansberry and Associates-New - Convert Storm to Cloud 5GB","Denise Koper",True,0054000000222nLAAQ,"SCLD-5GB",Subscription,"1.0",,,"5.0","Closed Won (100%)",East,Territory,AMER,"8100.0","8100.0","2014-12-15T00:00:00.000-0800"
0014000001YSYuIAAX,LiveAuctioneers,"2015-06-04",East,True,Subscription,0064000000caLGCAA2,"20GB Cloud","Scott Jamison",True,00540000001RaQSAA0,"SE-S-CLD",Subscription,"20.0",0014000000KBxYOAA1,48362,"20.0","Closed Won (100%)",East,Territory,AMER,"16800.0","840.0","2015-06-04T00:00:00.000-0700"
0014000000N7SDeAAN,"Verifone Systems, Inc.","2015-06-26",West,True,Subscription,0064000000eStOhAAK,"CLoud Opp For Thierry Neel","Mary Polyakova",True,0054000000220EYAAY,"SE-S-CLD",Subscription,"10.0",0014000000QOPSoAAP,,"10.0","Closed Won (100%)","NorCal 2",Enterprise,AMER,"11000.0","1100.0","2015-06-26T00:00:00.000-0700"
0014000000z5LhNAAU,SolarCity,"2015-01-22","Central West",True,Subscription,0064000000cYKyQAAW,"SolarCity-10GB Cloud","John Cress",True,00540000000oHPBAA2,"SCLD-10GB",Subscription,"1.0",0014000000fzLKEAA2,42680,"10.0","Closed Won (100%)",West,Territory,AMER,"12075.0","12075.0","2015-01-22T00:00:00.000-0800"
0014000000de1tEAAQ,"Australia Post","2015-06-12",Australia,True,Subscription,0064000000eTukhAAC,"Australia Post- SecurePay Initial 10Gb Core + 10Gb ES Cloud Instance including Encryption at Rest","Nesho Kaurin",True,00540000001znmQAAQ,"SE-S-CLD",Subscription,"10.0",0014000000pEE4uAAG,,"10.0","Closed Won (100%)",Victoria,ANZ,APAC,"11385.0","1138.5","2015-06-12T00:00:00.000-0700"
0014000000KBxtOAAT,"Lennar Corporation","2014-12-18",East,True,Subscription,0064000000by3YaAAI,"Lennar : Core : Security 200GB CLOUD : 2","Scottie Oliver",True,005400000021YiBAAU,SCLD,Subscription,"1.0",,,"200.0","Closed Won (100%)","Southeast 2",Enterprise,AMER,"344916.0","344916.0","2014-12-18T00:00:00.000-0800"
00140000012VYubAAG,"BrightEdge Technologies, Inc.","2014-11-10","Central West",True,Subscription,0064000000ZsAApAAN,"BrightEdge-10GB Cloud","John Cress",True,00540000000oHPBAA2,"SCLD-10GB",,"1.0",0014000000fzLKEAA2,,"10.0","Closed Won (100%)",West,Territory,AMER,"13800.0","13800.0","2014-11-10T00:00:00.000-0800"
00140000011NG1WAAW,"Leonardo Worldwide","2015-01-05",Central,True,Subscription,0064000000aP3RYAA0,"Leonardo Worldwide Support Renewal 17 Jan 2015 to 16 Jan 2016 - A1","Raj Seth",True,00540000002bTHRAA2,"SCLD-20GB",Subscription,"1.0",0014000000b0U9AAAU,41037,"20.0","Closed Won (100%)","Central Canada 2",Enterprise,AMER,"21000.0","21000.0","2015-01-05T00:00:00.000-0800"
0014000000nP60HAAS,"Arlington County Government","2015-06-26","State & Local",True,Subscription,0064000000QAAviAAH,"Arlington County - Sanmeet Sidhu/Kristanne Littlefield - Applications Management","Michael Kaleel",True,00540000001EMZvAAO,"SE-S-CLD",Subscription,"5.0",0014000000KBx0uAAD,,"5.0","Closed Won (100%)",East,SLED,"Public Sector","7290.0","1458.0","2015-06-26T00:00:00.000-0700"
0014000000su45EAAQ,iRise,"2015-02-18","Central West",True,Subscription,0064000000WSh32AAD,"iRise - 5GB Cloud","Jerry Lott",True,00540000001Dl8MAAS,SCLD,Subscription,"1.0",,,"5.0","Closed Won (100%)","Central West",Territory,AMER,"7128.0","7128.0","2015-02-18T00:00:00.000-0800"
0014000001VwolrAAB,"Easypark AB","2015-03-03",Nordics,True,Subscription,0064000000aR57dAAC,"EasyPark- Splunk Platform","Anders Johansson",True,00540000001yiyJAAQ,SCLD,Subscription,"1.0",,,"10.0","Closed Won (100%)",Territory,North,EMEA,"15295.0","15295.0","2015-03-03T00:00:00.000-0800"
0014000000KBxtOAAT,"Lennar Corporation","2014-12-18",East,True,Subscription,0064000000ZKUzRAAX,"Lennar : Core : Security 200GB CLOUD","Scottie Oliver",True,005400000021YiBAAU,SCLD,Subscription,"1.0",,,"200.0","Closed Won (100%)","Southeast 2",Enterprise,AMER,"344916.0","344916.0","2014-12-18T00:00:00.000-0800"
0014000000rfzhlAAA,"Liquidity Services, Inc","2014-12-03",East,True,Subscription,0064000000bHgI9AAK,"Liquidity Services-20GB Cloud + Exch App","James Pazora",True,00540000002apuuAAA,"SCLD-20GB",,"1.0",,,"20.0","Closed Won (100%)",East,Territory,AMER,"24000.0","24000.0","2014-12-03T00:00:00.000-0800"
0014000000z4dLiAAI,"HAVAS WORLDWIDE AUSTRALIA PTY LIMITED","2015-06-16",Australia,True,Subscription,0063300000fPhx9AAC,"Havas Worldwide Australia-5GB Cloud 16 Jun 2015 to 15 Jun 2016","Edward Sawkins",True,00540000001yp6iAAA,"SE-S-CLD",Subscription,"5.0",0014000000ei3Z9AAI,48828,"5.0","Closed Won (100%)","New South Wales",ANZ,APAC,"6075.0","1215.0","2015-06-16T00:00:00.000-0700"
0014000000dIpHoAAK,"Test Account","2015-06-03",Central,True,Subscription,0063300000fPZjNAAW,"FPX Emergency Release 0603 - Please ignore","Gajanan Mamarde",True,00540000001DpoqAAC,"SE-S-CLD",Subscription,"5.0",,48307,"5.0","Closed Won (100%)","Southeast 1","Major Accounts",AMER,"2.43","0.486","2015-06-03T00:00:00.000-0700"
0014000001aQuviAAC,"Swift Prepaid Solutions, Inc.","2015-06-15",Central,True,Subscription,0064000000eUSEyAAO,"Swift Prepaid Solutions, Inc.- 10B - Cloud New - compliance","Cheryl Rogers",True,005400000021MMNAA2,"SE-S-CLD",Subscription,"10.0",,48766,"10.0","Closed Won (100%)",Central,Territory,AMER,"13800.0","1380.0","2015-06-15T00:00:00.000-0700"
0014000001Wgv16AAB,"the score","2015-01-07",Central,True,Subscription,0064000000bx5y7AAA,"TheScore 400GB $54K","Raj Seth",True,00540000002bTHRAA2,SCLD,Subscription,"1.0",0014000000ktmboAAA,,"400.0","Closed Won (100%)","Central Canada 2",Enterprise,AMER,"162000.0","162000.0","2015-01-07T00:00:00.000-0800"
0014000001VwTtXAAV,"01click, L.L.C.","2014-12-08","Central West",True,Subscription,0064000000aQjVQAA0,"01Click-5GB Cloud","John Cress",True,00540000000oHPBAA2,SCLD,Subscription,"1.0",0014000000fzLKEAA2,,"5.0","Closed Won (100%)",West,Territory,AMER,"6885.0","6885.0","2014-12-08T00:00:00.000-0800"
00140000010isbxAAA,"Teck Resources Limited","2014-12-02",West,True,Subscription,0064000000WTvFBAA1,SIEM,"Ryan Heal",True,005400000021HbDAAU,"SCLD-50GB",,"1.0",,,"50.0","Closed Won (100%)",Northwest,"Major Accounts",AMER,"40000.0","40000.0","2014-12-02T00:00:00.000-0800"
0014000000pEmLaAAK,"Department of The Prime Minister & Cabinet","2015-06-26",Australia,True,Subscription,0063300000eoutdAAA,"PM&C-DTO Web Analytics 100GB 1 Yr Retention - Splunk Cloud - Phase 1","Ross Ford",True,00540000002cEIpAAM,"SE-S-CLD",Subscription,"100.0",0014000000wHPIIAA4,,"100.0","Closed Won (100%)","Australian Capital Territory",ANZ,APAC,"60000.0","600.0","2015-06-26T00:00:00.000-0700"
0014000000KBwjqAAD,"Cox Automotive","2015-01-30",East,True,Subscription,0064000000ZIyVTAA1,"Cox Automotive-Cloud Deal","Rob Swymer",True,00540000001yjw9AAA,SCLD,Subscription,"1.0",,,"450.0","Closed Won (100%)",Southeast,"Major Accounts",AMER,"90000.0","90000.0","2015-01-30T00:00:00.000-0800"
0014000000KBzLJAA1,"Hughes Network Systems, LLC","2014-12-22",East,True,Subscription,0064000000bIMPdAAO,"5GB Splunk Cloud","James Hill",True,00540000001DY1LAAW,SCLD,Subscription,"1.0",,,"5.0","Closed Won (100%)",MidAtlantic,"Major Accounts",AMER,"8100.0","8100.0","2014-12-22T00:00:00.000-0800"
0014000001WhSuDAAV,Woodside,"2015-06-30",Australia,True,Subscription,0063300000fQFqnAAG,"Woodside-5gb-Cloud","David Jones",True,00540000001DE4NAAW,"SE-S-CLD",Subscription,"5.0",0014000000KBzJXAA1,49538,"5.0","Closed Won (100%)","Western Australia",ANZ,APAC,"6075.0","1215.0","2015-06-30T00:00:00.000-0700"
0014000000PGpkCAAT,"Turbine, Inc.","2015-03-27",East,True,Subscription,0064000000dBmHRAA0,"SCLD - Turbine 10GB with 180 total days","Tim Cashin",True,00540000000oHrjAAE,SCLD,Subscription,"1.0",,,"10.0","Closed Won (100%)",East,Territory,AMER,"13800.0","13800.0","2015-03-27T00:00:00.000-0700"
0014000001TbSOEAA3,"AAA Western and Central New York, Inc.","2015-01-13",East,True,Subscription,0064000000aQde5AAC,"5GB Cloud","Scott Jamison",True,00540000001RaQSAA0,"SCLD-5GB",Subscription,"1.0",,,"5.0","Closed Won (100%)",East,Territory,AMER,"8100.0","8100.0","2015-01-13T00:00:00.000-0800"
0014000000KBxlMAAT,"Dow Jones & Company, Inc.","2015-06-29",East,True,Subscription,0064000000XfiBgAAJ,"Dow Jones Salesforce - Cloud","Jeffrey Kevelson",True,00533000002uBpwAAE,"SE-S-CLD",Subscription,"5.0",,49492,"5.0","Closed Won (100%)","Northeast 2","Major Accounts",AMER,"8100.0","1620.0","2015-06-29T00:00:00.000-0700"
0014000000KBzIJAA1,CNN,"2014-12-08",East,True,Subscription,0064000000bIHJrAAO,"CNN Splunk Cloud","Bill Grande",True,00540000002bwxcAAA,"SCLD-5GB",,"1.0",,,"5.0","Closed Won (100%)",Southeast,"Major Accounts",AMER,"8100.0","8100.0","2014-12-08T00:00:00.000-0800"
0014000000nP2CbAAK,AURIZON,"2015-01-30",Australia,True,Subscription,0064000000cbSFwAAM,"AURIZON-100GB Annual-Splunk Cloud","Rajiv Parashar",True,00540000001CB79AAG,"SCLD-100GB",Subscription,"1.0",0014000000suHy1AAE,,"100.0","Closed Won (100%)",Queensland,ANZ,APAC,"78000.0","78000.0","2015-01-30T00:00:00.000-0800"
0014000001aOXEuAAO,"Xeros, Inc.","2015-04-30",East,True,Subscription,0064000000eRwTlAAK,"Xeros, Inc.-New_5GB Cloud","Denise Koper",True,0054000000222nLAAQ,"SE-S-CLD",Subscription,"5.0",0014000000urtYvAAI,46987,"5.0","Closed Won (100%)",East,Territory,AMER,"8100.0","1620.0","2015-04-30T00:00:00.000-0700"
0014000000mVwTAAA0,"Agilone Inc","2014-11-20","Central West",True,Subscription,0064000000bGaIYAA0,"AgilOne-5GB Cloud","John Cress",True,00540000000oHPBAA2,"SCLD-5GB",,"1.0",0014000000fzLKEAA2,,"5.0","Closed Won (100%)",West,Territory,AMER,"8100.0","8100.0","2014-11-20T00:00:00.000-0800"
0014000001XW05MAAT,"etouches, Inc.","2015-01-07",East,True,Subscription,0064000000cY7GuAAK,"SCLD 5GB Cloud","Tim Cashin",True,00540000000oHrjAAE,SCLD,Subscription,"1.0",,,"5.0","Closed Won (100%)",East,Territory,AMER,"8100.0","8100.0","2015-01-07T00:00:00.000-0800"
0014000000YqlkQAAR,"MindTouch Inc","2015-04-28","Central West",True,Subscription,0064000000WT8NYAA1,"MindTouch -10GB Cloud","Jerry Lott",True,00540000001Dl8MAAS,"SE-S-CLD",Subscription,"10.0",00140000012WKamAAG,46806,"10.0","Closed Won (100%)","Central West",Territory,AMER,"11040.0","1104.0","2015-04-28T00:00:00.000-0700"
0014000001Wh0xOAAR,"Menlo Security","2014-12-17","Central West",True,Subscription,0064000000bwVfrAAE,"Menlo Security-5GB Cloud","John Cress",True,00540000000oHPBAA2,SCLD,Subscription,"1.0",0014000000fzLKEAA2,,"5.0","Closed Won (100%)",West,Territory,AMER,"6885.0","6885.0","2014-12-17T00:00:00.000-0800"
0014000000rEbsJAAS,"Verafin Inc.","2015-05-29",Central,True,Subscription,0064000000eSAk6AAG,"20Gb Cloud","Huguette Mpeye",True,00540000001zU8kAAE,"SE-S-CLD",Subscription,"20.0",,48151,"20.0","Closed Won (100%)","Eastern Canada 2",Enterprise,AMER,"26400.0","1320.0","2015-05-29T00:00:00.000-0700"
0014000000fJgHbAAK,"Katana 1 - End User","2015-01-14",Australia,True,Subscription,0064000000Zqc6kAAB,"K1-OptimaHub","Edward Sawkins",True,00540000001yp6iAAA,SCLD,Subscription,"1.0",0014000000KC0YzAAL,,"5.0","Closed Won (100%)","New South Wales",ANZ,APAC,"7593.75","7593.75","2015-01-14T00:00:00.000-0800"
0014000000hxe7MAAQ,"Pernod Ricard SA","2015-06-05","France - Major",True,Subscription,0064000000Vup95AAB,"Pernod RIcard_Openminded_SCloud50GB","Nicolas Cachoux",True,00540000003LmcKAAS,"SE-S-CLD",Subscription,"50.0",0014000000m97jyAAA,,"50.0","Closed Won (100%)",Major,South,EMEA,"40549.32","810.9864","2015-06-05T00:00:00.000-0700"
0014000000mYcD8AAK,"Wilmer Cutler Pickering Hale and Dorr LLP","2015-01-28",East,True,Subscription,0064000000bITBpAAO,"WilmerHale - 300GB Cloud","Neal Poretsky",True,00540000001EETQAA4,SCLD,Subscription,"1.0",0014000000Xhnk0AAB,,"300.0","Closed Won (100%)","New England",Enterprise,AMER,"225225.0","225225.0","2015-01-28T00:00:00.000-0800"
0014000001b4QtQAAU,"Wb Games Inc.","2015-05-11",West,True,Subscription,0064000000cbAQXAA2,"WB Games - Cloud","Doug App",True,00540000001ywTeAAI,"SE-S-CLD",Subscription,"5.0",,47429,"5.0","Closed Won (100%)",West,Territory,AMER,"8100.0","1620.0","2015-05-11T00:00:00.000-0700"
0014000001Zg7ojAAB,"Tungsten Finance","2015-04-30","UK - Enterprise",True,Subscription,0064000000eAziwAAC,"Tungsten - 5GB Cloud Opp","Daniel Adamson",True,00540000001zRfgAAE,"SE-S-CLD",Subscription,"5.0",,46991,"5.0","Closed Won (100%)",Territory,UK,EMEA,"9315.0","1863.0","2015-04-30T00:00:00.000-0700"
0014000000KBzGEAA1,"2Checkout.com","2014-10-06",East,True,Subscription,0064000000ZpZYMAA3,"2Checkout.com Inc-Forsythe IT Ops","Kathy Guzman",True,00540000001RBt2AAG,"SCLD-5GB",,"1.0",0014000000KC0DXAA1,,"5.0","Closed Won (100%)","North Central","Major Accounts",AMER,"7087.5","7087.5","2014-10-06T00:00:00.000-0700"
0014000000Xi6jVAAR,Pega,"2015-04-20",Northeast,True,Subscription,0064000000eyu6LAAQ,"Pega - 5GB Cloud","John Dolino",True,00540000001ELznAAG,"SE-S-CLD",Subscription,"5.0",,46315,"5.0","Closed Won (100%)","New England",Enterprise,AMER,"8100.0","1620.0","2015-04-20T00:00:00.000-0700"
0014000000KBy3rAAD,"Mars, Incorporated","2014-09-25",Central,True,Subscription,0064000000QovIkAAJ,"Mars New Security","Rhonda Ball",True,00540000001DneeAAC,SCLD,Subscription,"1.0",,,"500.0","Closed Won (100%)","North Central",Enterprise,AMER,"701000.0","701000.0","2014-09-25T00:00:00.000-0700"
00140000011m3wZAAQ,"Apollo Global Management (AGM) LLC","2015-04-28",Northeast,True,Subscription,0064000000eB0LZAA0,"Cloud 150GB ES New Apollo Global Management","Eric Beller",True,0054000000229lRAAQ,"SE-S-CLD",Subscription,"150.0",0014000000KC0VJAA1,,"150.0","Closed Won (100%)","Northeast 2",Enterprise,AMER,"252000.0","1680.0","2015-04-28T00:00:00.000-0700"
0014000001Z1y36AAB,"Hakkasan Group","2015-04-23","Central West",True,Subscription,0064000000ddOlqAAE,"Hakkasan Group-CDW-Cloud-SIEM-5GB","Mickie George",True,00540000001DQAoAAO,"SE-S-CLD",Subscription,"5.0",0014000000KBxYOAA1,,"5.0","Closed Won (100%)","Central West",Territory,AMER,"6480.0","1296.0","2015-04-23T00:00:00.000-0700"
0014000001WikMUAAZ,"EVS Broadcast Equipment SA","2015-02-27",Benelux,True,Subscription,0064000000bwNZTAA2,"EVS Broadcast Equipment-","Edward Spencer",True,005400000021CsdAAE,SCLD,Subscription,"1.0",,,"5.0","Closed Won (100%)",Territory,North,EMEA,"9177.0","9177.0","2015-02-27T00:00:00.000-0800"
0014000000KBxB8AAL,"Avid Technology, Inc.","2015-02-13",Northeast,True,Subscription,0064000000ZqvgtAAB,"Avid Technology - Cloud","John Dolino",True,00540000001ELznAAG,"SCLD-5GB",Subscription,"1.0",,43789,"5.0","Closed Won (100%)","New England",Enterprise,AMER,"8100.0","8100.0","2015-02-13T00:00:00.000-0800"
0014000001XVQEAAA5,"Jet.com","2015-02-12",East,True,Subscription,0064000000bykuLAAQ,"Jet.com-New_20GB Cloud for IT Ops","Denise Koper",True,0054000000222nLAAQ,SCLD,Subscription,"1.0",,,"20.0","Closed Won (100%)",East,Territory,AMER,"24000.0","24000.0","2015-02-12T00:00:00.000-0800"
0014000001Z1PVgAAN,"Supertag pty Ltd","2015-03-31",Australia,True,Subscription,0064000000dctwWAAQ,"OptimaHub-Dev","Edward Sawkins",True,00540000001yp6iAAA,SCLD,Subscription,"1.0",,,"5.0","Closed Won (100%)","New South Wales",ANZ,APAC,"6000.0","6000.0","2015-03-31T00:00:00.000-0700"
0013300001bhv43AAA,"Omnivore.io","2015-06-18",West,True,Subscription,0063300000fQISAAA4,"Omnivore.io - 5 GB Cloud","Amy Stephens",True,00540000001DmN8AAK,"SE-S-CLD",Subscription,"5.0",0014000000fzLKEAA2,,"5.0","Closed Won (100%)",West,Territory,AMER,"5670.0","1134.0","2015-06-18T00:00:00.000-0700"
0014000000N7WUHAA3,"East West Bank","2015-04-30","West 1",True,Subscription,0064000000dBeE4AAK,"East West Bank - 150GB Cloud Expansion 3 Year","Jason Stein",True,00540000001RBqNAAW,SCLD,Subscription,"1.0",0014000000KC05MAAT,,"150.0","Closed Won (100%)","SoCal 1",Enterprise,AMER,"399000.0","399000.0","2015-04-30T00:00:00.000-0700"
0014000000KBxe1AAD,"Cadence Design Systems, Inc.","2015-02-19",West,True,Subscription,0064000000caNvWAAU,"Cadence Design Systems, Inc. Support Renewal 15 Jan 2016 to 14 Jan 2017 - Invoice 56468 UPGRADE","Sam Katwan",True,0054000000223UyAAI,SCLD,Subscription,"1.0",,,"5.0","Closed Won (100%)","NorCal 2","Major Accounts",AMER,"8100.0","8100.0","2015-02-19T00:00:00.000-0800"
00140000012WRZ7AAO,"Shocase, Inc.","2015-06-29",West,True,Subscription,0064000000XfoBKAAZ,"Social In Soma - 5GB Cloud Renewal","Amy Stephens",True,00540000001DmN8AAK,"SE-S-CLD",Subscription,"5.0",,,"5.0","Closed Won (100%)",West,Territory,AMER,"8100.0","1620.0","2015-06-29T00:00:00.000-0700"
0013300001bACuYAAW,Even,"2015-05-08",West,True,Subscription,0063300000eoj7YAAQ,"Even - 5GB Cloud","Amy Stephens",True,00540000001DmN8AAK,"SE-S-CLD",Subscription,"5.0",,47370,"5.0","Closed Won (100%)",West,Territory,AMER,"8100.0","1620.0","2015-05-08T00:00:00.000-0700"
0014000000KBz4lAAD,"Mozilla Corporation","2015-06-18",West,True,Subscription,0064000000bxqcTAAQ,"Mozilla-10GB Cloud","John Cress",True,00540000000oHPBAA2,"SE-S-CLD",Subscription,"10.0",00140000011kPP7AAM,49006,"10.0","Closed Won (100%)",West,Territory,AMER,"12075.0","1207.5","2015-06-18T00:00:00.000-0700"
0014000000k4SfIAAU,"Transport for NSW","2015-06-16",Australia,True,Subscription,0064000000bJeveAAC,"NSW Transport Splunk SIEM-RFT","Edward Sawkins",True,00540000001yp6iAAA,"SE-S-CLD",Subscription,"120.0",0014000000stAIcAAM,,"120.0","Closed Won (100%)","New South Wales",ANZ,APAC,"212400.0","1770.0","2015-06-16T00:00:00.000-0700"
0014000000nRmohAAC,"Tubular Labs, Inc.","2015-05-14",West,True,Subscription,0063300000epKK9AAM,"Tubular Labs-5GB Cloud","John Cress",True,00540000000oHPBAA2,"SE-S-CLD",Subscription,"5.0",0014000000fzLKEAA2,47565,"5.0","Closed Won (100%)",West,Territory,AMER,"7087.5","1417.5","2015-05-14T00:00:00.000-0700"
0013300001bBZOyAAO,"Uptake Technologies, LLC","2015-06-15",Central,True,Subscription,0063300000epYbfAAE,"Uptake- 5GB - New - Security","Cheryl Rogers",True,005400000021MMNAA2,"SE-S-CLD",Subscription,"5.0",0014000000xLL3WAAW,,"5.0","Closed Won (100%)",Central,Territory,AMER,"5670.0","1134.0","2015-06-15T00:00:00.000-0700"
0014000000OqLoWAAV,"Sierra Pacific Mortgage Company, Inc.","2015-03-04","Central West",True,Subscription,0064000000ddXasAAE,"Sierra Pacific Mortgage-10GB Cloud","John Cress",True,00540000000oHPBAA2,"SCLD-10GB",Subscription,"1.0",0014000000fzLKEAA2,44386,"10.0","Closed Won (100%)","Central West",Territory,AMER,"12075.0","12075.0","2015-03-04T00:00:00.000-0800"
0013300001bixYyAAI,KualiCo,"2015-06-29",West,True,Subscription,0063300000fRRYcAAO,"KualiCo - 5GB Splunk Cloud","Trent Baca",True,00540000002apuaAAA,"SE-S-CLD",Subscription,"5.0",0014000000KC0VJAA1,49475,"5.0","Closed Won (100%)",West,Territory,AMER,"6075.0","1215.0","2015-06-29T00:00:00.000-0700"
0014000001WgEX0AAN,"JHC Technology Inc","2015-06-17",East,True,Subscription,0064000000bILWlAAO,"JHC Technology Inc-New - IT ops/Security - 5GB Cloud","Denise Koper",True,0054000000222nLAAQ,"SE-S-CLD",Subscription,"5.0",,48907,"5.0","Closed Won (100%)",East,Territory,AMER,"8100.0","1620.0","2015-06-17T00:00:00.000-0700"
0014000000m8wZgAAI,"ADT LLC","2015-05-27",East,True,Subscription,0063300000epJf4AAE,"tp ADT-5GB Cloud","Scottie Oliver",True,005400000021YiBAAU,"SE-S-CLD",Subscription,"5.0",,48006,"5.0","Closed Won (100%)","Southeast 2",Enterprise,AMER,"8100.0","1620.0","2015-05-27T00:00:00.000-0700"
0014000000SviaLAAR,"Internet Corporation for Assigned Names and Numbers (ICANN)","2015-05-14",West,True,Subscription,0064000000eUaVDAA0,"ICANN - 5GB Cloud for SFDC app","Jerry Lott",True,00540000001Dl8MAAS,"SE-S-CLD",Subscription,"5.0",00140000012WKamAAG,47554,"5.0","Closed Won (100%)",West,Territory,AMER,"5670.0","1134.0","2015-05-14T00:00:00.000-0700"
0014000000KBwIcAAL,"Hewlett-Packard Company","2015-03-30",West,True,Subscription,0064000000dciKbAAI,"HP - Storm to Cloud","Sam Katwan",True,0054000000223UyAAI,"SE-S-CLD",Subscription,"5.0",0014000000KC0VJAA1,45477,"5.0","Closed Won (100%)","NorCal 2","Major Accounts",AMER,"7695.0","1539.0","2015-03-30T00:00:00.000-0700"
0014000000pEiXOAA0,"Nemetschek Vectorworks, Inc.","2015-02-23",East,True,Subscription,0064000000dcpOVAAY,"Nemetschek Vectorworks: Cloud 5GB 90 day paid POC 2","Denise Koper",True,0054000000222nLAAQ,"SCLD-5GB",Subscription,"1.0",,43985,"5.0","Closed Won (100%)",East,Territory,AMER,"2025.0","2025.0","2015-02-23T00:00:00.000-0800"
00140000012U7PXAA0,"Aptean, Inc.","2015-02-17",East,True,Subscription,0064000000dAjffAAC,"Aptean 5G Cloud New","Sandhya Pallana",True,00540000001EOc8AAG,"SCLD-5GB",Subscription,"1.0",,43846,"5.0","Closed Won (100%)",East,Territory,AMER,"6100.0","6100.0","2015-02-17T00:00:00.000-0800"
0014000000KBygbAAD,"Tenable Network Security, Inc.","2015-04-01",West,True,Subscription,0064000000bw21MAAQ,"Tenable Network Security- Splunk Cloud","Trent Baca",True,00540000002apuaAAA,"SCLD-10GB",Subscription,"1.0",0014000000KC0VJAA1,,"10.0","Closed Won (100%)","Central West",Territory,AMER,"12075.0","12075.0","2015-04-01T00:00:00.000-0700"
0014000000KBxmUAAT,"Kaplan, Inc.","2015-01-30",East,True,Subscription,0064000000aOUSZAA4,"Kaplan 20GB Cloud","Bill Grande",True,00540000002bwxcAAA,SCLD,Subscription,"1.0",,,"10.0","Closed Won (100%)",Southeast,"Major Accounts",AMER,"0.0","0.0","2015-01-30T00:00:00.000-0800"
0014000001YzBetAAF,"Evolent Health, Inc.","2015-03-04",East,True,Subscription,0064000000dBLIDAA4,"Evolent Health LLC-5GB Splunk CLoud","James Pazora",True,00540000002apuuAAA,"SE-S-CLD",Subscription,"5.0",,44355,"5.0","Closed Won (100%)",East,Territory,AMER,"8100.0","1620.0","2015-03-04T00:00:00.000-0800"
0014000000q2MxSAAU,DataStax,"2015-02-24","Central West",True,Subscription,0064000000bxZBBAA2,"DataStax-5GB Cloud","John Cress",True,00540000000oHPBAA2,SCLD,Subscription,"1.0",0014000000fzLKEAA2,,"5.0","Closed Won (100%)","Central West",Territory,AMER,"7087.5","7087.5","2015-02-24T00:00:00.000-0800"
0014000000rgVJ2AAM,"MEASAT BROADCAST NETWORK SYSTEMS SDN. BHD.","2015-02-05",ASEAN,True,Subscription,0064000000d9GuvAAE,"Astro-20GB-Splunk Cloud","Chiew Hooi Loo",True,00540000001RAO3AAO,SCLD,Subscription,"1.0",0014000000PHcJvAAL,,"20.0","Closed Won (100%)",Malaysia,"South Asia",APAC,"27522.94","27522.94","2015-02-05T00:00:00.000-0800"
0014000000fzGCUAA2,"Careerbuilder, LLC","2015-02-13",Southeast,True,Subscription,0064000000dCBJ3AAO,"ISR - CareerBuilder, LLC - Cloud - Site Technology Team - 10GB Paid POC","Scott Kimbrough",True,005400000021k9cAAA,"SCLD-10GB",Subscription,"1.0",,43794,"10.0","Closed Won (100%)","Southeast 2",Enterprise,AMER,"3450.0","3450.0","2015-02-13T00:00:00.000-0800"
0014000000KC0jiAAD,"Citrix Systems, Inc.","2015-01-30",West,True,Subscription,0064000000TZz99AAD,"Citrix - 3TB Cloud","Jay Meindertsma",True,005400000020qNNAAY,SCLD,Subscription,"1.0",,,"1200.0","Closed Won (100%)","NorCal 2","Major Accounts",AMER,"0.0","0.0","2015-01-30T00:00:00.000-0800"
0014000000PGpkCAAT,"Turbine, Inc.","2015-04-13",East,True,Subscription,0064000000eUM8NAAW,"50gb cloud exp  MK","Tim Cashin",True,00540000000oHrjAAE,"SE-S-CLD",Subscription,"50.0",,45934,"50.0","Closed Won (100%)",East,Territory,AMER,"50000.0","1000.0","2015-04-13T00:00:00.000-0700"
0014000000KBxtiAAD,"Brown Shoe Company, Inc.","2015-06-01",Central,True,Subscription,0064000000caPg6AAE,"Brown Shoe - cloud ecommerce use case","Chris Woodcock",True,00540000002btWTAAY,"SE-S-CLD",Subscription,"200.0",,,"200.0","Closed Won (100%)","South Central",Enterprise,AMER,"75000.0","375.0","2015-06-01T00:00:00.000-0700"
0014000001aRUtIAAW,"U.S. Green Building Council, Inc.","2015-04-28",East,True,Subscription,0064000000eUrfaAAC,"U.S. Green Building Council-5GB Cloud","James Pazora",True,00540000002apuuAAA,"SE-S-CLD",Subscription,"5.0",,46771,"5.0","Closed Won (100%)",East,Territory,AMER,"8100.0","1620.0","2015-04-28T00:00:00.000-0700"
0014000000KC0jXAAT,"Cisco Systems Inc. - Corporate Headquarters","2014-10-14",West,True,Subscription,0064000000ZsiHtAAJ,"Cisco Cloud: Oslo","Bob Nuti",True,00540000001zHHPAA2,"SCLD-5GB",,"1.0",,,"5.0","Closed Won (100%)",NoCal,"Major Accounts",AMER,"8100.0","8100.0","2014-10-14T00:00:00.000-0700"
0014000000fKDWXAA4,ZeOmega,"2015-02-11","Central West",True,Subscription,0064000000ZL8jrAAD,"ZeOmega - app management (Cloud)","Renee Murdia",True,00540000001zaPhAAI,"SCLD-5GB",Subscription,"1.0",0014000000KC0VJAA1,,"5.0","Closed Won (100%)","Central West",Territory,AMER,"7087.5","7087.5","2015-02-11T00:00:00.000-0800"
0013300001b8S7XAAU,"Idibon Inc.","2015-06-18",West,True,Subscription,0063300000fRPekAAG,"Idibon - 5GB Cloud","Amy Stephens",True,00540000001DmN8AAK,"SE-S-CLD",Subscription,"5.0",,49020,"5.0","Closed Won (100%)",West,Territory,AMER,"8100.0","1620.0","2015-06-18T00:00:00.000-0700"
0014000000ihgPOAAY,"Gatwick Airport","2015-06-29","UK - Enterprise",True,Subscription,0064000000aQuJlAAK,"Gatwick Airport - IT Ops Cloud","Bogdan Petre",True,00540000001Dm9uAAC,"SE-S-CLD",Subscription,"20.0",,,"20.0","Closed Won (100%)",Enterprise,UK,EMEA,"75990.0","3799.5","2015-06-29T00:00:00.000-0700"
0014000000KBxmUAAT,"Kaplan, Inc.","2015-01-30",East,True,Subscription,0064000000aOUSZAA4,"Kaplan 20GB Cloud","Bill Grande",True,00540000002bwxcAAA,SCLD,Subscription,"1.0",,,"10.0","Closed Won (100%)",Southeast,"Major Accounts",AMER,"9450.0","9450.0","2015-01-30T00:00:00.000-0800"
0014000000deVXTAA2,"1-800-FLOWERS.COM, Inc.","2014-10-31",East,True,Subscription,0064000000YRq07AAD,"Flowers eComm Cloud 150 GB 60 day retention","Lisa Chu-de Seve",True,00540000001yyGIAAY,SCLD,Subscription,"1.0",,,"150.0","Closed Won (100%)",Northeast,"Major Accounts",AMER,"120000.0","120000.0","2014-10-31T00:00:00.000-0700"
0014000000XjsUfAAJ,"Familysearch International","2015-04-24",West,True,Subscription,0064000000eAAivAAG,"FamilySearch - Cloud 3 yr term","Maureen Boyle",True,00540000001RM5KAAW,"SE-S-CLD",Subscription,"3000.0",,,"3000.0","Closed Won (100%)",Southwest,"Major Accounts",AMER,"4050858.0","1350.286","2015-04-24T00:00:00.000-0700"
0014000000ojN3cAAE,Funtomic,"2013-10-08","Rest of South",True,Subscription,0064000000S7qe6AAB,"Funtomic- Splunk Enterprise Cloud","Benoit Motheron",True,005400000020qOkAAI,SCLD,Subscription,"1.0",,,"0.0","Closed Won (100%)",Territory,South,EMEA,"90000.0","90000.0","2013-10-08T00:00:00.000-0700"
0014000000nQklNAAS,"Polycom, Inc","2014-11-24",West,True,Subscription,0064000000X16XNAAZ,"Polycom - Splunk Cloud 100GB","Sam Katwan",True,0054000000223UyAAI,SCLD,Subscription,"1.0",,,"100.0","Closed Won (100%)","NorCal 2","Major Accounts",AMER,"74193.0","74193.0","2014-11-24T00:00:00.000-0800"
0014000001LUNNIAA5,"Tradesy Inc.","2014-11-18","Central West",True,Subscription,0064000000ZpWiMAAV,"Tradesy, Inc - 5GB Cloud","Jerry Lott",True,00540000001Dl8MAAS,"SCLD-5GB",,"1.0",,,"5.0","Closed Won (100%)",West,Territory,AMER,"8100.0","8100.0","2014-11-18T00:00:00.000-0800"
0014000000KC0jiAAD,"Citrix Systems, Inc.","2015-01-30",West,True,Subscription,0064000000TZz99AAD,"Citrix - 3TB Cloud","Jay Meindertsma",True,005400000020qNNAAY,SCLD,Subscription,"1.0",,,"3000.0","Closed Won (100%)","NorCal 2","Major Accounts",AMER,"2325000.0","2325000.0","2015-01-30T00:00:00.000-0800"
0014000000MP4xZAAT,"Agrium Inc","2014-12-01",West,True,Subscription,0064000000aP8QEAA0,"Agrium Inc Invoice #41595 5GB to 105GB Upgrade + ES 100GB","Ryan Heal",True,005400000021HbDAAU,SCLD,Subscription,"1.0",00140000010aHt2AAE,,"100.0","Closed Won (100%)",Northwest,"Major Accounts",AMER,"363200.0","363200.0","2014-12-01T00:00:00.000-0800"
0014000000ojN3cAAE,Funtomic,"2014-10-22","Rest of South",True,Subscription,0064000000ZKorLAAT,"Funtomic- 2014","Benoit Motheron",True,005400000020qOkAAI,SCLD,Subscription,"1.0",,,"100.0","Closed Won (100%)",Territory,South,EMEA,"18750.0","18750.0","2014-10-22T00:00:00.000-0700"
0014000000ojN3cAAE,Funtomic,"2015-01-10","Rest of South",True,Subscription,0064000000aPQVIAA4,"Funtomic- 2014","Benoit Motheron",True,005400000020qOkAAI,SCLD,Subscription,"1.0",,,"100.0","Closed Won (100%)",Territory,South,EMEA,"18750.0","18750.0","2015-01-10T00:00:00.000-0800"
0014000000deWhsAAE,"Stewarts Shops","2014-11-17",East,True,Subscription,0064000000aPkaaAAC,"HOLDOVER- Stewarts Shops - Cloud 5GB","Van Chapman",True,00540000002anZ1AAI,"SCLD-5GB",,"1.0",,,"5.0","Closed Won (100%)","Northeast 2",Enterprise,AMER,"8100.0","8100.0","2014-11-17T00:00:00.000-0800"
0014000000YqlkQAAR,"MindTouch Inc","2014-04-30","Central West",True,Subscription,0064000000Vus7oAAB,"MindTouch, Inc - Splunk Cloud - 7 & 10 GB /30 Day Retention","Jerry Lott",True,00540000001Dl8MAAS,SCLD,Subscription,"1.0",,,"7.0","Closed Won (100%)","Central West",Territory,AMER,"7059.0","7059.0","2014-04-30T00:00:00.000-0700"
0014000000KBwJqAAL,"AOL, Inc.","2015-03-01",East,True,Subscription,0064000000aOKNZAA4,"AOL- Cloud for Mail","James Hill",True,00540000001DY1LAAW,SCLD,Subscription,"1.0",,,"1000.0","Closed Won (100%)",MidAtlantic,"Major Accounts",AMER,"25000.0","25000.0","2015-03-01T00:00:00.000-0800"
0014000000qxY8iAAE,"White Ops","2013-10-31",East,True,Subscription,0064000000TY4dFAAT,"sj-WhiteOps- Splunk Cloud","Scott Jamison",True,00540000001RaQSAA0,SCLD,Subscription,"1.0",,,"0.0","Closed Won (100%)",East,Territory,AMER,"90000.0","90000.0","2013-10-31T00:00:00.000-0700"
0014000000KcZabAAF,"Financial Industry Regulatory Authority","2014-01-29",East,True,Subscription,0064000000TXOjKAAX,"FINRA Cloud Opp [SCL]","Danny Ansell",True,00540000001EHDpAAO,SCLD,Subscription,"1.0",,,"0.0","Closed Won (100%)",MidAtlantic,Enterprise,AMER,"437600.0","437600.0","2014-01-29T00:00:00.000-0800"
0014000000dFlieAAC,"Jones Lang Lasalle","2014-06-03",Central,True,Subscription,0064000000U6uDIAAZ,"JLL - Cloud - IT Ops - 30GB","Chris Hipskind",True,005400000021CfPAAU,SCLD,Subscription,"1.0",0014000000MR72ZAAT,,"30.0","Closed Won (100%)","North Central 2",Enterprise,AMER,"47500.0","47500.0","2014-06-03T00:00:00.000-0700"
0014000000vP8cbAAC,Backupify,"2014-01-30",East,True,Subscription,0064000000U6UvUAAV,"Enterprise Cloud [SCL]","Tim Cashin",True,00540000000oHrjAAE,SCLD,Subscription,"1.0",,,"0.0","Closed Won (100%)",East,Territory,AMER,"75000.0","75000.0","2014-01-30T00:00:00.000-0800"
0014000001GAFiKAAX,"Member Driven Technologies","2015-01-23",East,True,Subscription,0064000000ZLRqxAAH,"Member Driven Technologies 50Gb License","Tim Abbey",True,00540000001DHZLAA4,"SCLD-50GB",Subscription,"1.0",,42698,"50.0","Closed Won (100%)",East,Territory,AMER,"50000.0","50000.0","2015-01-23T00:00:00.000-0800"
0014000001TbSOEAA3,"AAA Western and Central New York, Inc.","2014-10-27",East,True,Subscription,0064000000aPSelAAG,"5GB Cloud","Scott Jamison",True,00540000001RaQSAA0,SCLD,Subscription,"1.0",,,"5.0","Closed Won (100%)",East,Territory,AMER,"1375.89","1375.89","2014-10-27T00:00:00.000-0700"
0014000000LDnKKAA1,"Harvard Business Publishing","2014-12-15",East,True,Subscription,0064000000bxF0DAAU,"Harvard Bus Pub - 20GB Cloud","Neal Poretsky",True,00540000001EETQAA4,"SCLD-20GB",Subscription,"1.0",,,"20.0","Closed Won (100%)","New England",Enterprise,AMER,"22080.0","22080.0","2014-12-15T00:00:00.000-0800"
0014000000OqKCPAA3,"Zs Associates, Inc.","2014-08-26",Central,True,Subscription,0064000000ZJ0gJAAT,"ZS Associates-SHI-5GB Cloud","Scott Phelps",True,00540000001z8umAAA,"SCLD-5GB",,"1.0",,,"5.0","Closed Won (100%)","North Central",Enterprise,AMER,"8100.0","8100.0","2014-08-26T00:00:00.000-0700"
00140000010isbxAAA,"Teck Resources Limited","2015-04-30",West,True,Subscription,0064000000eywuQAAQ,"50-100GB Upgrade","Ryan Heal",True,005400000021HbDAAU,"SE-S-CLD",Subscription,"50.0",,,"50.0","Closed Won (100%)",Northwest,"Major Accounts",AMER,"25205.48","504.1096","2015-04-30T00:00:00.000-0700"
0014000000deVZ0AAM,"DeVry Inc.","2015-06-25",Central,True,Subscription,0063300000en9QcAAI,"Devry Cloud 200GB core and ES via Hurricane","Rhonda Ball",True,00540000001DneeAAC,"SE-S-CLD",Subscription,"200.0",0014000000WTvPrAAL,,"200.0","Closed Won (100%)","North Central 1",Enterprise,AMER,"321750.0","1608.75","2015-06-25T00:00:00.000-0700"
00140000011OB1VAAW,"IDEXX Laboratories, Inc.","2014-03-18",Northeast,True,Subscription,0064000000UjKDcAAN,"IDEXX Lab - 25GB Cloud","John Dolino",True,00540000001ELznAAG,SCLD,Subscription,"1.0",,,"25.0","Closed Won (100%)","New England",Enterprise,AMER,"34000.0","34000.0","2014-03-18T00:00:00.000-0700"
00140000015zpWUAAY,"North Dakota University System","2014-09-03","Higher Ed",True,Subscription,0064000000XhYLzAAN,"North Dakota University System - Splunk Cloud - App Mgmt of ImageNow (PerceptiveSoftware) - 5GB","Peter Do",True,00540000001DZeiAAG,SCLD,Subscription,"1.0",,,"5.0","Closed Won (100%)","Higher Ed",SLED,"Public Sector","15000.0","15000.0","2014-09-03T00:00:00.000-0700"
0014000000mWWpsAAG,"Citrix Systems, Inc","2014-06-27",West,True,Subscription,0064000000UkaOkAAJ,"Citrix Systems - ShareFile","Jay Meindertsma",True,005400000020qNNAAY,SCLD,Subscription,"1.0",,,"50.0","Closed Won (100%)","NorCal 2","Major Accounts",AMER,"139850.0","139850.0","2014-06-27T00:00:00.000-0700"
0014000000lQ77uAAC,Motionsoft,"2014-01-28","Central West",True,Subscription,0064000000QAryIAAT,"Motionsoft - 10GB Splunk Cloud - IIS Logs","Jeremy Southers",True,00540000001RtFFAA0,SCLD,Subscription,"1.0",,,"0.0","Closed Won (100%)",East,Territory,AMER,"4800.0","4800.0","2014-01-28T00:00:00.000-0800"
0014000000wJevgAAC,"Defense.net","2014-01-23","Central West",True,Subscription,0064000000UhAI5AAN,"Defense.net-Cloud-10GB/90day","John Cress",True,00540000000oHPBAA2,SCLD,Subscription,"1.0",,,"0.0","Closed Won (100%)",West,Territory,AMER,"4800.0","4800.0","2014-01-23T00:00:00.000-0800"
0014000000PFinSAAT,"McKesson CIT","2014-04-30",Central,True,Subscription,0064000000WSjgjAAD,"McKesson - 50GB/60 Day Retention Cloud Opportunity Net New","Ken Duclos",True,00540000001RuHVAA0,SCLD,Subscription,"1.0",,,"50.0","Closed Won (100%)",Southeast,"Major Accounts",AMER,"35000.0","35000.0","2014-04-30T00:00:00.000-0700"
0014000000OqLoWAAV,"Sierra Pacific Mortgage Company, Inc.","2014-01-30",East,True,Subscription,0064000000Ui20RAAR,"Sierra Pac Mort 10G Cloud _ Paul","Sandhya Pallana",True,00540000001EOc8AAG,SCLD,Subscription,"1.0",,,"0.0","Closed Won (100%)",West,Territory,AMER,"4800.0","4800.0","2014-01-30T00:00:00.000-0800"
0014000000sGt2jAAC,EZLynx,"2015-01-07","Central West",True,Subscription,0064000000bxmZSAAY,"EzLynx - Cloud - App QA","Tim Mata",True,00540000000oHPHAA2,"SCLD-5GB",Subscription,"1.0",,41884,"5.0","Closed Won (100%)",Central,Territory,AMER,"8100.0","8100.0","2015-01-07T00:00:00.000-0800"
